prNumber,open/closed,isMerged,additions,deletions,linesChanged,createdAt,completedAt,completionTime
120724,closed,True,2,0,2,2026-09-29T16:23:20Z,2026-09-29T17:24:43Z,1:01:23
120693,closed,True,1,0,1,2026-09-29T12:17:51Z,2026-09-30T10:58:04Z,22:40:13
120689,closed,True,0,4,4,2026-09-29T12:06:25Z,2026-09-30T09:09:27Z,21:03:02
120682,closed,True,3,1,4,2026-09-29T11:41:29Z,2026-09-30T10:57:50Z,23:16:21
120652,closed,True,1,0,1,2026-09-29T09:35:06Z,2026-09-30T10:57:36Z,"1 day, 1:22:30"
120636,closed,True,1,1,2,2026-09-29T08:35:58Z,2026-09-29T13:54:38Z,5:18:40
120600,closed,True,5,0,5,2026-09-29T02:47:19Z,2026-09-30T18:02:34Z,"1 day, 15:15:15"
120594,closed,True,10,4,14,2026-09-28T23:08:33Z,2026-09-30T18:09:14Z,"1 day, 19:00:41"
120593,closed,True,2,2,4,2026-09-28T22:55:05Z,2026-09-30T18:09:56Z,"1 day, 19:14:51"
120592,closed,True,8,8,16,2026-09-28T22:27:57Z,2026-09-30T18:10:22Z,"1 day, 19:42:25"
120591,closed,True,58,4,62,2026-09-28T22:22:49Z,2026-09-30T18:08:23Z,"1 day, 19:45:34"
120590,closed,True,1,0,1,2026-09-28T22:13:42Z,2026-09-29T08:45:57Z,10:32:15
120588,closed,True,6,6,12,2026-09-28T21:56:43Z,2026-09-30T10:57:05Z,"1 day, 13:00:22"
120582,closed,True,0,11,11,2026-09-28T20:17:41Z,2026-09-30T18:06:36Z,"1 day, 21:48:55"
120581,closed,True,8,15,23,2026-09-28T20:02:28Z,2026-09-30T18:07:15Z,"1 day, 22:04:47"
120576,closed,True,238,0,238,2026-09-28T17:50:28Z,2026-09-30T18:04:42Z,"2 days, 0:14:14"
120572,closed,True,0,19,19,2026-09-28T17:00:01Z,2026-09-28T22:00:49Z,5:00:48
120569,closed,True,59,7,66,2026-09-28T15:59:19Z,2026-09-30T17:47:17Z,"2 days, 1:47:58"
120568,closed,True,6,3,9,2026-09-28T15:56:49Z,2026-09-30T17:46:48Z,"2 days, 1:49:59"
120565,closed,True,25,8,33,2026-09-28T15:49:21Z,2026-09-30T17:46:22Z,"2 days, 1:57:01"
120563,closed,True,0,1,1,2026-09-28T15:32:03Z,2026-09-29T05:50:09Z,14:18:06
120559,closed,True,1,0,1,2026-09-28T14:46:13Z,2026-09-30T17:45:54Z,"2 days, 2:59:41"
120555,closed,True,1,1,2,2026-09-28T13:48:30Z,2026-09-29T05:49:56Z,16:01:26
120538,closed,True,23,11,34,2026-09-28T12:49:58Z,2026-09-30T17:45:29Z,"2 days, 4:55:31"
120537,closed,True,33,6,39,2026-09-28T12:32:31Z,2026-09-30T17:45:06Z,"2 days, 5:12:35"
120536,closed,True,14,0,14,2026-09-28T12:25:10Z,2026-09-30T17:44:53Z,"2 days, 5:19:43"
120534,closed,True,1,0,1,2026-09-28T11:48:38Z,2026-09-30T17:44:23Z,"2 days, 5:55:45"
120524,closed,True,2,1,3,2026-09-28T10:54:06Z,2026-09-29T08:45:33Z,21:51:27
120522,closed,True,732,95,827,2026-09-28T10:16:38Z,2026-09-30T17:43:54Z,"2 days, 7:27:16"
120519,closed,True,47,34,81,2026-09-28T09:50:28Z,2026-09-30T17:43:38Z,"2 days, 7:53:10"
120512,closed,True,5,0,5,2026-09-28T08:52:51Z,2026-09-30T10:56:29Z,"2 days, 2:03:38"
120511,closed,True,4,4,8,2026-09-28T08:46:21Z,2026-09-30T10:55:45Z,"2 days, 2:09:24"
120497,closed,True,212,82,294,2026-09-28T03:28:32Z,2026-09-30T10:55:03Z,"2 days, 7:26:31"
120495,closed,True,1,0,1,2026-09-28T02:07:09Z,2026-09-30T10:54:44Z,"2 days, 8:47:35"
120488,closed,True,1,1,2,2026-09-27T22:12:13Z,2026-09-30T09:09:09Z,"2 days, 10:56:56"
120487,closed,True,1,1,2,2026-09-27T22:06:58Z,2026-09-30T09:08:55Z,"2 days, 11:01:57"
120486,closed,True,1,1,2,2026-09-27T20:12:03Z,2026-09-28T23:40:47Z,"1 day, 3:28:44"
120482,closed,True,18,0,18,2026-09-27T18:38:21Z,2026-09-30T10:54:31Z,"2 days, 16:16:10"
120479,closed,True,5,0,5,2026-09-27T18:34:35Z,2026-09-30T17:43:24Z,"2 days, 23:08:49"
120477,closed,True,35,15,50,2026-09-27T17:57:32Z,2026-09-30T10:53:50Z,"2 days, 16:56:18"
120476,closed,True,14,3,17,2026-09-27T17:56:59Z,2026-09-30T10:52:52Z,"2 days, 16:55:53"
120475,closed,True,158,3,161,2026-09-27T17:22:24Z,2026-09-30T11:01:30Z,"2 days, 17:39:06"
120467,closed,True,10,1,11,2026-09-27T14:26:26Z,2026-09-28T08:56:00Z,18:29:34
120466,closed,True,1,1,2,2026-09-27T14:14:56Z,2026-09-28T08:46:43Z,18:31:47
120461,closed,True,4,6,10,2026-09-27T11:57:03Z,2026-09-30T10:52:23Z,"2 days, 22:55:20"
120460,closed,True,116,14,130,2026-09-27T10:30:01Z,2026-09-30T10:52:01Z,"3 days, 0:22:00"
120456,closed,True,34,4,38,2026-09-27T08:35:18Z,2026-09-30T10:51:49Z,"3 days, 2:16:31"
120455,closed,True,11,1,12,2026-09-27T08:33:41Z,2026-09-30T09:08:36Z,"3 days, 0:34:55"
120454,closed,True,1,0,1,2026-09-27T08:22:42Z,2026-09-30T09:08:14Z,"3 days, 0:45:32"
120442,closed,True,49,2,51,2026-09-26T21:02:18Z,2026-09-30T10:51:01Z,"3 days, 13:48:43"
120440,closed,True,50,2,52,2026-09-26T20:41:13Z,2026-09-30T10:50:42Z,"3 days, 14:09:29"
120439,closed,True,34,34,68,2026-09-26T19:52:24Z,2026-09-28T23:40:43Z,"2 days, 3:48:19"
120437,closed,True,161,149,310,2026-09-26T19:05:58Z,2026-09-30T17:42:57Z,"3 days, 22:36:59"
120436,closed,True,1,1,2,2026-09-26T18:14:20Z,2026-09-27T12:54:25Z,18:40:05
120434,closed,True,448,19,467,2026-09-26T15:58:57Z,2026-09-30T09:07:43Z,"3 days, 17:08:46"
120426,closed,True,68,10,78,2026-09-26T12:08:25Z,2026-09-30T09:07:27Z,"3 days, 20:59:02"
120423,closed,True,2,1,3,2026-09-26T11:28:46Z,2026-09-30T09:06:57Z,"3 days, 21:38:11"
120420,closed,True,116,7,123,2026-09-26T11:05:16Z,2026-09-30T09:06:23Z,"3 days, 22:01:07"
120417,closed,True,8,1,9,2026-09-26T10:36:43Z,2026-09-30T10:50:29Z,"4 days, 0:13:46"
120416,closed,True,60,15,75,2026-09-26T10:32:04Z,2026-09-30T10:50:12Z,"4 days, 0:18:08"
120408,closed,True,26,21,47,2026-09-26T08:18:18Z,2026-09-30T09:05:56Z,"4 days, 0:47:38"
120403,closed,True,11,0,11,2026-09-26T01:35:23Z,2026-09-26T06:40:56Z,5:05:33
120401,closed,True,0,46,46,2026-09-26T00:11:16Z,2026-09-30T10:49:59Z,"4 days, 10:38:43"
120400,closed,True,21,0,21,2026-09-26T00:11:13Z,2026-09-30T10:49:43Z,"4 days, 10:38:30"
120398,closed,True,39,8,47,2026-09-25T23:14:18Z,2026-09-30T09:05:11Z,"4 days, 9:50:53"
120396,closed,True,39,12,51,2026-09-25T22:57:34Z,2026-09-30T13:43:40Z,"4 days, 14:46:06"
120394,closed,True,2,1,3,2026-09-25T21:31:39Z,2026-09-30T10:48:48Z,"4 days, 13:17:09"
120389,closed,True,61,2,63,2026-09-25T20:13:42Z,2026-09-30T09:04:57Z,"4 days, 12:51:15"
120387,closed,True,1,1,2,2026-09-25T19:51:01Z,2026-09-25T20:11:18Z,0:20:17
120384,closed,True,22,3,25,2026-09-25T18:02:00Z,2026-09-30T10:48:12Z,"4 days, 16:46:12"
120383,closed,True,8,8,16,2026-09-25T18:00:49Z,2026-09-30T10:47:52Z,"4 days, 16:47:03"
120381,closed,True,3,1,4,2026-09-25T17:36:13Z,2026-09-30T10:47:23Z,"4 days, 17:11:10"
120380,closed,True,2,2,4,2026-09-25T17:31:34Z,2026-09-30T10:47:09Z,"4 days, 17:15:35"
120378,closed,True,2,0,2,2026-09-25T17:14:04Z,2026-09-30T10:46:55Z,"4 days, 17:32:51"
